evidence_id,domain,source_type,published_date,actor,observed_behavior_or_problem,product_implication,url,interview_status
UR01,settlement,public_user_post,2026-07-08,bookkeeper,"Inherited Shopify books contained uncleared invoices and a large AR balance; gross sales, payouts, fees and timing needed rebuilding through a clearing account.","Agent should reconcile gross-to-net components and show unresolved balances by period.",https://www.reddit.com/r/Bookkeeping/comments/1ur7qe4/how_should_shopify_sales_and_payouts_be_recorded/,not_an_interview
UR02,settlement,public_user_post,2026-03-11,small-business operator,"PayPal and Square integrations plus manual entries created duplicate income and expense records.","Duplicate detection must consider integration and manual-entry overlap.",https://www.reddit.com/r/Bookkeeping/comments/1rr1qd2/paypal_and_square_integration_help/,not_an_interview
UR03,settlement,public_user_post,2026-03-10,e-commerce operator,"Shopify and Stripe payouts bundled orders, refunds and fees so exports rarely matched directly.","Evidence model should represent components and cross-period refunds rather than compare one total only.",https://www.reddit.com/r/shopify_growth/comments/1rpto4l/how_do_you_reconcile_shopify_payouts_with_stripe/,not_an_interview
UR04,settlement,public_user_post,2026-04-11,DTC bookkeeper,"Gross revenue and net settlement leave a gap containing fees, reserves, refunds and chargebacks; weekly matching reduces month-end surprises.","Prioritize exception queues and period cut-off evidence.",https://www.reddit.com/r/EcommerceBookkeeping/comments/1siqt7m/how_are_you_reconciling_shopify_or_stripe_payouts/,not_an_interview
UR05,settlement,public_user_post,2026-04-28,accounting software evaluator,"Messy amount, date, payee and reference fields leave unmatched transactions for line-by-line review even after bank-feed auto-match.","Agent should explain why auto-match failed and surface the smallest evidence set for review.",https://www.reddit.com/r/Accounting/comments/1sy9qgu/reconciliation_confusion/,not_an_interview
UR06,settlement,public_user_post,2024-05-27,bookkeeper,"Thousands of PayPal transactions and no budget for a connector led to manual journal-entry work and confusion about fees and clearing accounts.","A low-cost CSV workflow and explicit accounting-policy boundary are important for small teams.",https://www.reddit.com/r/Bookkeeping/comments/1d1kf33/paypal_summary_journal_entry/,not_an_interview
UR07,settlement,public_user_post,2022-08-06,bookkeeper,"Refunds moved outside original payout bundles and caused unmatched deposits; manual invoice construction slowed bookkeeping.","Cross-period links and refund exception types belong in the next data-model version.",https://www.reddit.com/r/Bookkeeping/comments/wh7vyv/need_to_compare_notes_on_manual_bookkeeping_with/,not_an_interview
UR08,growth,public_user_post,2024-05-01,Amazon seller,"Seller wanted an inventory-value report and had to export quantities and calculate price times stock in a spreadsheet.","Growth Agent should expose inventory-value and cash-pressure evidence instead of requiring spreadsheet joins.",https://sellercentral.amazon.com/seller-forums/discussions/t/4bc724f3-200d-4330-b30f-1504e73df435,not_an_interview
UR09,growth,public_user_post,2022-03-01,Shopify merchant,"Changing unit costs required repeated manual spreadsheet updates and made stock valuation and margin accuracy difficult.","Observed cost and assumed margin must be separated and freshness must be visible.",https://community.shopify.com/t/how-do-you-automate-average-unit-cost-management/126302,not_an_interview
UR10,growth,public_user_post,2023-05-01,Shopify merchant,"Unfulfilled quantities across orders required spreadsheet manipulation because the desired aggregate report was absent.","Recommendation layer should sit on a reusable metrics table rather than another isolated export.",https://community.shopify.com/c/shopify-discussions/report-list-of-products-and-quantities-that-are-unfulfilled/m-p/2056700,not_an_interview
UR11,growth,public_user_post,2024-05-01,Amazon seller,"An external inventory spreadsheet was maintained because an easy month-by-SKU sales report was not available.","CSV ingestion and clear period/SKU grain are core onboarding requirements.",https://sellercentral.amazon.com/seller-forums/discussions/t/63018b4b1cf48066d324654c25f6392d,not_an_interview
UR12,growth,public_user_post,2024-05-01,Shopify merchant,"Archived products polluted ABC inventory analysis and users resorted to manual filtering or third-party reporting tools.","Eligibility filters and reason codes must be visible before delist recommendations.",https://community.shopify.com/c/shopify-discussions/abc-inventory-report-includes-discontinued-and-archived-products/m-p/2573212,not_an_interview

